Origin_airport,Destination_airport,Total_Passengers,Org_airport_lat,Org_airport_long,Dest_airport_lat,Dest_airport_long
OGG,HNL,32364612,20.8985996246338,-156.429992675781,21.3187007904053,-157.921997070312
HNL,OGG,29744742,21.3187007904053,-157.921997070312,20.8985996246338,-156.429992675781
LAX,HNL,28918195,33.94250107,-118.4079971,21.3187007904053,-157.921997070312
HNL,LAX,28593604,21.3187007904053,-157.921997070312,33.94250107,-118.4079971
LAS,LAX,26333376,36.08010101,-115.1520004,33.94250107,-118.4079971
LAX,LAS,26177635,33.94250107,-118.4079971,36.08010101,-115.1520004
LAX,SFO,25661782,33.94250107,-118.4079971,37.6189994812012,-122.375
SFO,LAX,25458207,37.6189994812012,-122.375,33.94250107,-118.4079971
ATL,MCO,23483751,33.6366996765137,-84.4281005859375,28.4293994903564,-81.3089981079102
ORD,LAX,22978977,41.97859955,-87.90480042,33.94250107,-118.4079971
LAX,ORD,22936415,33.94250107,-118.4079971,41.97859955,-87.90480042
MCO,ATL,22754168,28.4293994903564,-81.3089981079102,33.6366996765137,-84.4281005859375
LAX,JFK,22289170,33.94250107,-118.4079971,40.63980103,-73.77890015
PHX,LAS,21697391,33.4342994689941,-112.012001037598,36.08010101,-115.1520004
ATL,DFW,21626001,33.6366996765137,-84.4281005859375,32.896800994873,-97.0380020141602
JFK,LAX,21579063,40.63980103,-73.77890015,33.94250107,-118.4079971
PHX,LAX,21490581,33.4342994689941,-112.012001037598,33.94250107,-118.4079971
DFW,ATL,21315212,32.896800994873,-97.0380020141602,33.6366996765137,-84.4281005859375
LAS,PHX,21281657,36.08010101,-115.1520004,33.4342994689941,-112.012001037598
LAX,PHX,21200432,33.94250107,-118.4079971,33.4342994689941,-112.012001037598
LGA,ORD,20147022,40.77719879,-73.87259674,41.97859955,-87.90480042
ORD,LGA,19834394,41.97859955,-87.90480042,40.77719879,-73.87259674
ORD,SFO,18614342,41.97859955,-87.90480042,37.6189994812012,-122.375
SFO,ORD,18311167,37.6189994812012,-122.375,41.97859955,-87.90480042
DAL,HOU,17855661,32.8470993041992,-96.8517990112305,29.64539909,-95.27890015
HOU,DAL,17717480,29.64539909,-95.27890015,32.8470993041992,-96.8517990112305
TPA,ATL,17462127,27.9755001068115,-82.533203125,33.6366996765137,-84.4281005859375
ATL,TPA,17409235,33.6366996765137,-84.4281005859375,27.9755001068115,-82.533203125
ATL,FLL,17212233,33.6366996765137,-84.4281005859375,26.0725994110107,-80.152702331543
LGA,ATL,17173288,40.77719879,-73.87259674,33.6366996765137,-84.4281005859375
ATL,LGA,17156648,33.6366996765137,-84.4281005859375,40.77719879,-73.87259674
FLL,ATL,17148742,26.0725994110107,-80.152702331543,33.6366996765137,-84.4281005859375
ORD,DFW,16618226,41.97859955,-87.90480042,32.896800994873,-97.0380020141602
DFW,LAX,16502303,32.896800994873,-97.0380020141602,33.94250107,-118.4079971
ATL,ORD,16479809,33.6366996765137,-84.4281005859375,41.97859955,-87.90480042
ORD,ATL,16426251,41.97859955,-87.90480042,33.6366996765137,-84.4281005859375
DFW,ORD,16405044,32.896800994873,-97.0380020141602,41.97859955,-87.90480042
LAX,DFW,16068593,33.94250107,-118.4079971,32.896800994873,-97.0380020141602
HNL,SFO,16047465,21.3187007904053,-157.921997070312,37.6189994812012,-122.375
SFO,HNL,15954799,37.6189994812012,-122.375,21.3187007904053,-157.921997070312
ORD,MSP,15686177,41.97859955,-87.90480042,44.8819999695,-93.2218017578
EWR,ORD,15639429,40.6925010681152,-74.168701171875,41.97859955,-87.90480042
LGA,BOS,15630422,40.77719879,-73.87259674,42.36429977,-71.00520325
MSP,ORD,15615163,44.8819999695,-93.2218017578,41.97859955,-87.90480042
BOS,LGA,15612064,42.36429977,-71.00520325,40.77719879,-73.87259674
ATL,MIA,15529183,33.6366996765137,-84.4281005859375,25.7931995391846,-80.2906036376953
ORD,EWR,15483336,41.97859955,-87.90480042,40.6925010681152,-74.168701171875
LAX,OAK,15225696,33.94250107,-118.4079971,37.7212982177734,-122.221000671387
OAK,LAX,15203865,37.7212982177734,-122.221000671387,33.94250107,-118.4079971
MIA,ATL,15186192,25.7931995391846,-80.2906036376953,33.6366996765137,-84.4281005859375
EWR,ATL,15031721,40.6925010681152,-74.168701171875,33.6366996765137,-84.4281005859375
ATL,EWR,15023406,33.6366996765137,-84.4281005859375,40.6925010681152,-74.168701171875
ORD,BOS,14745768,41.97859955,-87.90480042,42.36429977,-71.00520325
DCA,LGA,14745621,38.8521,-77.037697,40.77719879,-73.87259674
LGA,DCA,14726036,40.77719879,-73.87259674,38.8521,-77.037697
PHX,SAN,14721976,33.4342994689941,-112.012001037598,32.7336006165,-117.190002441
BOS,ORD,14584621,42.36429977,-71.00520325,41.97859955,-87.90480042
SAN,PHX,14555621,32.7336006165,-117.190002441,33.4342994689941,-112.012001037598
SEA,LAX,14483122,47.4490013122559,-122.30899810791,33.94250107,-118.4079971
ANC,SEA,14299272,61.1744003295898,-149.996002197266,47.4490013122559,-122.30899810791
LAX,SEA,14237570,33.94250107,-118.4079971,47.4490013122559,-122.30899810791
SFO,SEA,14226706,37.6189994812012,-122.375,47.4490013122559,-122.30899810791
SEA,ANC,14167964,47.4490013122559,-122.30899810791,61.1744003295898,-149.996002197266
SFO,JFK,14154457,37.6189994812012,-122.375,40.63980103,-73.77890015
DTW,ORD,14125565,42.2123985290527,-83.353401184082,41.97859955,-87.90480042
SEA,SFO,14063217,47.4490013122559,-122.30899810791,37.6189994812012,-122.375
ORD,DTW,13957432,41.97859955,-87.90480042,42.2123985290527,-83.353401184082
JFK,SFO,13699571,40.63980103,-73.77890015,37.6189994812012,-122.375
LAS,DFW,13596789,36.08010101,-115.1520004,32.896800994873,-97.0380020141602
DFW,LAS,13595587,32.896800994873,-97.0380020141602,36.08010101,-115.1520004
LAX,ATL,13517870,33.94250107,-118.4079971,33.6366996765137,-84.4281005859375
ORD,PHX,13513776,41.97859955,-87.90480042,33.4342994689941,-112.012001037598
ORD,DCA,13404475,41.97859955,-87.90480042,38.8521,-77.037697
PHL,ATL,13287369,39.871898651123,-75.241096496582,33.6366996765137,-84.4281005859375
DCA,ORD,13285576,38.8521,-77.037697,41.97859955,-87.90480042
PHX,ORD,13257674,33.4342994689941,-112.012001037598,41.97859955,-87.90480042
ATL,PHL,13249044,33.6366996765137,-84.4281005859375,39.871898651123,-75.241096496582
ATL,LAX,13144214,33.6366996765137,-84.4281005859375,33.94250107,-118.4079971
ATL,BOS,13092014,33.6366996765137,-84.4281005859375,42.36429977,-71.00520325
LAS,ORD,12863135,36.08010101,-115.1520004,41.97859955,-87.90480042
HNL,ITO,12753744,21.3187007904053,-157.921997070312,19.721399307251,-155.048004150391
SAT,DFW,12717893,29.5337009429932,-98.4698028564453,32.896800994873,-97.0380020141602
DFW,IAH,12712782,32.896800994873,-97.0380020141602,29.9843997955322,-95.3414001464844
ORD,LAS,12675145,41.97859955,-87.90480042,36.08010101,-115.1520004
IAH,DFW,12673101,29.9843997955322,-95.3414001464844,32.896800994873,-97.0380020141602
DFW,PHX,12661902,32.896800994873,-97.0380020141602,33.4342994689941,-112.012001037598
BOS,ATL,12604462,42.36429977,-71.00520325,33.6366996765137,-84.4281005859375
DFW,SAT,12582689,32.896800994873,-97.0380020141602,29.5337009429932,-98.4698028564453
PHL,ORD,12512148,39.871898651123,-75.241096496582,41.97859955,-87.90480042
ORD,PHL,12490719,41.97859955,-87.90480042,39.871898651123,-75.241096496582
AUS,DFW,12374809,30.1944999694824,-97.6698989868164,32.896800994873,-97.0380020141602
ORD,SEA,12293399,41.97859955,-87.90480042,47.4490013122559,-122.30899810791
EWR,MCO,12277114,40.6925010681152,-74.168701171875,28.4293994903564,-81.3089981079102
ITO,HNL,12257764,19.721399307251,-155.048004150391,21.3187007904053,-157.921997070312
PHX,DFW,12195703,33.4342994689941,-112.012001037598,32.896800994873,-97.0380020141602
DFW,AUS,12044669,32.896800994873,-97.0380020141602,30.1944999694824,-97.6698989868164
MCO,EWR,11927252,28.4293994903564,-81.3089981079102,40.6925010681152,-74.168701171875
SEA,ORD,11910877,47.4490013122559,-122.30899810791,41.97859955,-87.90480042
ATL,JAX,11846918,33.6366996765137,-84.4281005859375,30.4941005706787,-81.6878967285156
LAS,SFO,11836319,36.08010101,-115.1520004,37.6189994812012,-122.375
JAX,ATL,11668352,30.4941005706787,-81.6878967285156,33.6366996765137,-84.4281005859375
LAX,SJC,11660997,33.94250107,-118.4079971,37.3625984191895,-121.929000854492
SFO,LAS,11648707,37.6189994812012,-122.375,36.08010101,-115.1520004
DCA,ATL,11617027,38.8521,-77.037697,33.6366996765137,-84.4281005859375
SJC,LAX,11616097,37.3625984191895,-121.929000854492,33.94250107,-118.4079971
ATL,DCA,11557164,33.6366996765137,-84.4281005859375,38.8521,-77.037697
MSP,DTW,11528072,44.8819999695,-93.2218017578,42.2123985290527,-83.353401184082
DTW,MSP,11386479,42.2123985290527,-83.353401184082,44.8819999695,-93.2218017578
STL,ORD,11287908,38.7486991882324,-90.370002746582,41.97859955,-87.90480042
ORD,STL,11281189,41.97859955,-87.90480042,38.7486991882324,-90.370002746582
ABQ,PHX,11271129,35.0401992797852,-106.609001159668,33.4342994689941,-112.012001037598
SAN,SFO,11154962,32.7336006165,-117.190002441,37.6189994812012,-122.375
LGA,DFW,11079660,40.77719879,-73.87259674,32.896800994873,-97.0380020141602
PHX,ABQ,11038853,33.4342994689941,-112.012001037598,35.0401992797852,-106.609001159668
SFO,SAN,11002623,37.6189994812012,-122.375,32.7336006165,-117.190002441
MCO,DFW,10950445,28.4293994903564,-81.3089981079102,32.896800994873,-97.0380020141602
LGA,FLL,10826224,40.77719879,-73.87259674,26.0725994110107,-80.152702331543
DFW,LGA,10814112,32.896800994873,-97.0380020141602,40.77719879,-73.87259674
MIA,JFK,10703302,25.7931995391846,-80.2906036376953,40.63980103,-73.77890015
JFK,MIA,10678202,40.63980103,-73.77890015,25.7931995391846,-80.2906036376953
FLL,LGA,10651817,26.0725994110107,-80.152702331543,40.77719879,-73.87259674
ORD,MIA,10635804,41.97859955,-87.90480042,25.7931995391846,-80.2906036376953
DFW,MCO,10579688,32.896800994873,-97.0380020141602,28.4293994903564,-81.3089981079102
MIA,ORD,10485681,25.7931995391846,-80.2906036376953,41.97859955,-87.90480042
LAX,EWR,10440666,33.94250107,-118.4079971,40.6925010681152,-74.168701171875
PHL,MCO,10424538,39.871898651123,-75.241096496582,28.4293994903564,-81.3089981079102
MCO,PHL,10337032,28.4293994903564,-81.3089981079102,39.871898651123,-75.241096496582
DFW,SFO,10219362,32.896800994873,-97.0380020141602,37.6189994812012,-122.375
SLC,LAX,10158807,40.7883987426758,-111.977996826172,33.94250107,-118.4079971
ORD,MCO,10086608,41.97859955,-87.90480042,28.4293994903564,-81.3089981079102
ATL,SLC,10075468,33.6366996765137,-84.4281005859375,40.7883987426758,-111.977996826172
ATL,RDU,10064122,33.6366996765137,-84.4281005859375,35.8776016235352,-78.7874984741211
LAX,SLC,10029583,33.94250107,-118.4079971,40.7883987426758,-111.977996826172
MSY,HOU,10017184,29.9934005737305,-90.2580032348633,29.64539909,-95.27890015
ATL,BWI,10010118,33.6366996765137,-84.4281005859375,39.17539978,-76.66829681
GEG,SEA,9958427,47.6198997497559,-117.533996582031,47.4490013122559,-122.30899810791
ATL,DTW,9948528,33.6366996765137,-84.4281005859375,42.2123985290527,-83.353401184082
HOU,MSY,9948347,29.64539909,-95.27890015,29.9934005737305,-90.2580032348633
LAS,SAN,9936117,36.08010101,-115.1520004,32.7336006165,-117.190002441
SFO,DFW,9921632,37.6189994812012,-122.375,32.896800994873,-97.0380020141602
RDU,ATL,9892932,35.8776016235352,-78.7874984741211,33.6366996765137,-84.4281005859375
EWR,LAX,9875729,40.6925010681152,-74.168701171875,33.94250107,-118.4079971
ATL,MSY,9870744,33.6366996765137,-84.4281005859375,29.9934005737305,-90.2580032348633
SAN,LAS,9868441,32.7336006165,-117.190002441,36.08010101,-115.1520004
SEA,GEG,9838226,47.4490013122559,-122.30899810791,47.6198997497559,-117.533996582031
MSY,ATL,9829428,29.9934005737305,-90.2580032348633,33.6366996765137,-84.4281005859375
DTW,ATL,9814086,42.2123985290527,-83.353401184082,33.6366996765137,-84.4281005859375
MIA,DFW,9809948,25.7931995391846,-80.2906036376953,32.896800994873,-97.0380020141602
SLC,PHX,9797898,40.7883987426758,-111.977996826172,33.4342994689941,-112.012001037598
MCO,ORD,9788991,28.4293994903564,-81.3089981079102,41.97859955,-87.90480042
BWI,ATL,9741005,39.17539978,-76.66829681,33.6366996765137,-84.4281005859375
IAD,ATL,9728089,38.94449997,-77.45580292,33.6366996765137,-84.4281005859375
PHX,SLC,9726086,33.4342994689941,-112.012001037598,40.7883987426758,-111.977996826172
ATL,IAD,9701464,33.6366996765137,-84.4281005859375,38.94449997,-77.45580292
PBI,ATL,9690057,26.6832008361816,-80.0955963134766,33.6366996765137,-84.4281005859375
LAX,IAD,9658726,33.94250107,-118.4079971,38.94449997,-77.45580292
ATL,PBI,9520599,33.6366996765137,-84.4281005859375,26.6832008361816,-80.0955963134766
IAH,LAX,9517607,29.9843997955322,-95.3414001464844,33.94250107,-118.4079971
DFW,MIA,9511103,32.896800994873,-97.0380020141602,25.7931995391846,-80.2906036376953
ORD,IAH,9493297,41.97859955,-87.90480042,29.9843997955322,-95.3414001464844
SLC,LAS,9490395,40.7883987426758,-111.977996826172,36.08010101,-115.1520004
IAH,ORD,9489678,29.9843997955322,-95.3414001464844,41.97859955,-87.90480042
LAS,SLC,9416283,36.08010101,-115.1520004,40.7883987426758,-111.977996826172
PHX,SFO,9369991,33.4342994689941,-112.012001037598,37.6189994812012,-122.375
LAX,IAH,9349264,33.94250107,-118.4079971,29.9843997955322,-95.3414001464844
IAD,LAX,9310551,38.94449997,-77.45580292,33.94250107,-118.4079971
LAS,RNO,9272468,36.08010101,-115.1520004,39.4990997314453,-119.767997741699
DCA,BOS,9252737,38.8521,-77.037697,42.36429977,-71.00520325
PDX,SEA,9251129,45.58869934,-122.5979996,47.4490013122559,-122.30899810791
MIA,LGA,9238181,25.7931995391846,-80.2906036376953,40.77719879,-73.87259674
PHL,BOS,9234442,39.871898651123,-75.241096496582,42.36429977,-71.00520325
MSP,PHX,9224719,44.8819999695,-93.2218017578,33.4342994689941,-112.012001037598
SEA,PDX,9224642,47.4490013122559,-122.30899810791,45.58869934,-122.5979996
SFO,PHX,9195460,37.6189994812012,-122.375,33.4342994689941,-112.012001037598
BOS,DCA,9173177,42.36429977,-71.00520325,38.8521,-77.037697
DTW,MCO,9163721,42.2123985290527,-83.353401184082,28.4293994903564,-81.3089981079102
DFW,SAN,9163660,32.896800994873,-97.0380020141602,32.7336006165,-117.190002441
BOS,PHL,9144976,42.36429977,-71.00520325,39.871898651123,-75.241096496582
RNO,LAS,9085793,39.4990997314453,-119.767997741699,36.08010101,-115.1520004
MCO,DTW,9069258,28.4293994903564,-81.3089981079102,42.2123985290527,-83.353401184082
SLC,ATL,9042446,40.7883987426758,-111.977996826172,33.6366996765137,-84.4281005859375
LGA,MIA,9025859,40.77719879,-73.87259674,25.7931995391846,-80.2906036376953
MCI,MDW,9002809,39.2976,-94.713898,41.7859992980957,-87.7524032592773
PHX,MSP,8965029,33.4342994689941,-112.012001037598,44.8819999695,-93.2218017578
MDW,MCI,8930607,41.7859992980957,-87.7524032592773,39.2976,-94.713898
ATL,MEM,8884622,33.6366996765137,-84.4281005859375,35.0424003601074,-89.9766998291016
FLL,EWR,8856774,26.0725994110107,-80.152702331543,40.6925010681152,-74.168701171875
EWR,FLL,8847728,40.6925010681152,-74.168701171875,26.0725994110107,-80.152702331543
DCA,DFW,8835883,38.8521,-77.037697,32.896800994873,-97.0380020141602
CLT,ATL,8797249,35.2140007019043,-80.9430999755859,33.6366996765137,-84.4281005859375
SAN,OAK,8795718,32.7336006165,-117.190002441,37.7212982177734,-122.221000671387
MEM,ATL,8787394,35.0424003601074,-89.9766998291016,33.6366996765137,-84.4281005859375
EWR,BOS,8682496,40.6925010681152,-74.168701171875,42.36429977,-71.00520325
DFW,SEA,8669734,32.896800994873,-97.0380020141602,47.4490013122559,-122.30899810791
DFW,DCA,8666433,32.896800994873,-97.0380020141602,38.8521,-77.037697
BOS,EWR,8665400,42.36429977,-71.00520325,40.6925010681152,-74.168701171875
LGA,MCO,8622197,40.77719879,-73.87259674,28.4293994903564,-81.3089981079102
MCO,LGA,8613648,28.4293994903564,-81.3089981079102,40.77719879,-73.87259674
MSP,SEA,8612828,44.8819999695,-93.2218017578,47.4490013122559,-122.30899810791
SEA,MSP,8592489,47.4490013122559,-122.30899810791,44.8819999695,-93.2218017578
ATL,CLT,8586492,33.6366996765137,-84.4281005859375,35.2140007019043,-80.9430999755859
OAK,SEA,8550310,37.7212982177734,-122.221000671387,47.4490013122559,-122.30899810791
OAK,SAN,8507851,37.7212982177734,-122.221000671387,32.7336006165,-117.190002441
PHX,SEA,8452445,33.4342994689941,-112.012001037598,47.4490013122559,-122.30899810791
ATL,IAH,8446796,33.6366996765137,-84.4281005859375,29.9843997955322,-95.3414001464844
LAS,ATL,8446049,36.08010101,-115.1520004,33.6366996765137,-84.4281005859375
SEA,OAK,8418354,47.4490013122559,-122.30899810791,37.7212982177734,-122.221000671387
JFK,MCO,8318597,40.63980103,-73.77890015,28.4293994903564,-81.3089981079102
SAN,DFW,8289358,32.7336006165,-117.190002441,32.896800994873,-97.0380020141602
SEA,PHX,8282430,47.4490013122559,-122.30899810791,33.4342994689941,-112.012001037598
MSY,IAH,8281668,29.9934005737305,-90.2580032348633,29.9843997955322,-95.3414001464844
MSP,ATL,8271825,44.8819999695,-93.2218017578,33.6366996765137,-84.4281005859375
IAH,ATL,8270917,29.9843997955322,-95.3414001464844,33.6366996765137,-84.4281005859375
SFO,ATL,8240505,37.6189994812012,-122.375,33.6366996765137,-84.4281005859375
IAH,MSY,8231079,29.9843997955322,-95.3414001464844,29.9934005737305,-90.2580032348633
ATL,MSP,8209928,33.6366996765137,-84.4281005859375,44.8819999695,-93.2218017578
STL,PHX,8189968,38.7486991882324,-90.370002746582,33.4342994689941,-112.012001037598
SEA,DFW,8188143,47.4490013122559,-122.30899810791,32.896800994873,-97.0380020141602
FLL,JFK,8145626,26.0725994110107,-80.152702331543,40.63980103,-73.77890015
ATL,PHX,8135720,33.6366996765137,-84.4281005859375,33.4342994689941,-112.012001037598
ATL,LAS,8133243,33.6366996765137,-84.4281005859375,36.08010101,-115.1520004
SAT,DAL,8119335,29.5337009429932,-98.4698028564453,32.8470993041992,-96.8517990112305
MCO,JFK,8113885,28.4293994903564,-81.3089981079102,40.63980103,-73.77890015
EWR,IAH,8095563,40.6925010681152,-74.168701171875,29.9843997955322,-95.3414001464844
CLE,ORD,8079465,41.4117012024,-81.8498001099,41.97859955,-87.90480042
ORD,CLE,8078455,41.97859955,-87.90480042,41.4117012024,-81.8498001099
PHX,ATL,8074703,33.4342994689941,-112.012001037598,33.6366996765137,-84.4281005859375
SMF,LAX,8056899,38.6954002380371,-121.591003417969,33.94250107,-118.4079971
DAL,SAT,8053747,32.8470993041992,-96.8517990112305,29.5337009429932,-98.4698028564453
JFK,FLL,8049633,40.63980103,-73.77890015,26.0725994110107,-80.152702331543
ORD,SAN,8047190,41.97859955,-87.90480042,32.7336006165,-117.190002441
LAX,SMF,8032504,33.94250107,-118.4079971,38.6954002380371,-121.591003417969
SFO,PDX,8001202,37.6189994812012,-122.375,45.58869934,-122.5979996
SEA,LAS,7952387,47.4490013122559,-122.30899810791,36.08010101,-115.1520004
IAH,EWR,7949552,29.9843997955322,-95.3414001464844,40.6925010681152,-74.168701171875
BOS,DFW,7932703,42.36429977,-71.00520325,32.896800994873,-97.0380020141602
ATL,SFO,7929127,33.6366996765137,-84.4281005859375,37.6189994812012,-122.375
PDX,SFO,7917881,45.58869934,-122.5979996,37.6189994812012,-122.375
MCI,DFW,7916476,39.2976,-94.713898,32.896800994873,-97.0380020141602
SAN,ORD,7854273,32.7336006165,-117.190002441,41.97859955,-87.90480042
DFW,MCI,7851206,32.896800994873,-97.0380020141602,39.2976,-94.713898
PHX,STL,7827930,33.4342994689941,-112.012001037598,38.7486991882324,-90.370002746582
EWR,MIA,7827201,40.6925010681152,-74.168701171875,25.7931995391846,-80.2906036376953
DTW,LGA,7816758,42.2123985290527,-83.353401184082,40.77719879,-73.87259674
SFO,EWR,7810122,37.6189994812012,-122.375,40.6925010681152,-74.168701171875
LGA,DTW,7776949,40.77719879,-73.87259674,42.2123985290527,-83.353401184082
SAN,SJC,7731917,32.7336006165,-117.190002441,37.3625984191895,-121.929000854492
BWI,ORD,7728332,39.17539978,-76.66829681,41.97859955,-87.90480042
STL,MDW,7701025,38.7486991882324,-90.370002746582,41.7859992980957,-87.7524032592773
ORD,BWI,7687539,41.97859955,-87.90480042,39.17539978,-76.66829681
SAV,ATL,7684142,32.12760162,-81.20210266,33.6366996765137,-84.4281005859375
STL,MCI,7676396,38.7486991882324,-90.370002746582,39.2976,-94.713898
ORD,MCI,7668419,41.97859955,-87.90480042,39.2976,-94.713898
MIA,EWR,7656429,25.7931995391846,-80.2906036376953,40.6925010681152,-74.168701171875
DFW,SNA,7642389,32.896800994873,-97.0380020141602,33.67570114,-117.8679962
MCI,STL,7616311,39.2976,-94.713898,38.7486991882324,-90.370002746582
LAS,SEA,7595073,36.08010101,-115.1520004,47.4490013122559,-122.30899810791
BOS,MCO,7571026,42.36429977,-71.00520325,28.4293994903564,-81.3089981079102
MDW,STL,7552791,41.7859992980957,-87.7524032592773,38.7486991882324,-90.370002746582
DFW,BOS,7521309,32.896800994873,-97.0380020141602,42.36429977,-71.00520325
MCI,ORD,7505608,39.2976,-94.713898,41.97859955,-87.90480042
MCO,BOS,7496588,28.4293994903564,-81.3089981079102,42.36429977,-71.00520325
MSP,LAX,7492933,44.8819999695,-93.2218017578,33.94250107,-118.4079971
ATL,SAV,7474332,33.6366996765137,-84.4281005859375,32.12760162,-81.20210266
MSP,LAS,7462479,44.8819999695,-93.2218017578,36.08010101,-115.1520004
SJC,SAN,7455267,37.3625984191895,-121.929000854492,32.7336006165,-117.190002441
DAL,AUS,7452159,32.8470993041992,-96.8517990112305,30.1944999694824,-97.6698989868164
EWR,SFO,7447139,40.6925010681152,-74.168701171875,37.6189994812012,-122.375
LAX,MSP,7420667,33.94250107,-118.4079971,44.8819999695,-93.2218017578
LAS,MSP,7405573,36.08010101,-115.1520004,44.8819999695,-93.2218017578
DTW,MDW,7392567,42.2123985290527,-83.353401184082,41.7859992980957,-87.7524032592773
SNA,DFW,7379505,33.67570114,-117.8679962,32.896800994873,-97.0380020141602
EWR,DFW,7354763,40.6925010681152,-74.168701171875,32.896800994873,-97.0380020141602
MCO,MIA,7351880,28.4293994903564,-81.3089981079102,25.7931995391846,-80.2906036376953
STL,DFW,7337194,38.7486991882324,-90.370002746582,32.896800994873,-97.0380020141602
SNA,SJC,7328235,33.67570114,-117.8679962,37.3625984191895,-121.929000854492
SFO,IAD,7326365,37.6189994812012,-122.375,38.94449997,-77.45580292
AUS,DAL,7318925,30.1944999694824,-97.6698989868164,32.8470993041992,-96.8517990112305
STL,DTW,7317427,38.7486991882324,-90.370002746582,42.2123985290527,-83.353401184082
DFW,STL,7310614,32.896800994873,-97.0380020141602,38.7486991882324,-90.370002746582
SAT,IAH,7305417,29.5337009429932,-98.4698028564453,29.9843997955322,-95.3414001464844
SAN,SMF,7280570,32.7336006165,-117.190002441,38.6954002380371,-121.591003417969
IAD,SFO,7262570,38.94449997,-77.45580292,37.6189994812012,-122.375
IAH,PHX,7258885,29.9843997955322,-95.3414001464844,33.4342994689941,-112.012001037598
DFW,SLC,7250086,32.896800994873,-97.0380020141602,40.7883987426758,-111.977996826172
SJC,SNA,7236921,37.3625984191895,-121.929000854492,33.67570114,-117.8679962
SMF,SAN,7236494,38.6954002380371,-121.591003417969,32.7336006165,-117.190002441
ATL,PIT,7225076,33.6366996765137,-84.4281005859375,40.49150085,-80.23290253
LAX,OGG,7220762,33.94250107,-118.4079971,20.8985996246338,-156.429992675781
DTW,STL,7220583,42.2123985290527,-83.353401184082,38.7486991882324,-90.370002746582
PIT,ATL,7214779,40.49150085,-80.23290253,33.6366996765137,-84.4281005859375
MDW,DTW,7190346,41.7859992980957,-87.7524032592773,42.2123985290527,-83.353401184082
LAX,PDX,7183908,33.94250107,-118.4079971,45.58869934,-122.5979996
ELP,PHX,7168059,31.80719948,-106.3779984,33.4342994689941,-112.012001037598
DFW,MSY,7160510,32.896800994873,-97.0380020141602,29.9934005737305,-90.2580032348633
IAH,SAT,7159370,29.9843997955322,-95.3414001464844,29.5337009429932,-98.4698028564453
MSY,DFW,7143044,29.9934005737305,-90.2580032348633,32.896800994873,-97.0380020141602
TPA,DFW,7142514,27.9755001068115,-82.533203125,32.896800994873,-97.0380020141602
CLT,MCO,7135964,35.2140007019043,-80.9430999755859,28.4293994903564,-81.3089981079102
PDX,LAX,7131586,45.58869934,-122.5979996,33.94250107,-118.4079971
SJC,SEA,7131475,37.3625984191895,-121.929000854492,47.4490013122559,-122.30899810791
SEA,SJC,7105970,47.4490013122559,-122.30899810791,37.3625984191895,-121.929000854492
SLC,DFW,7091260,40.7883987426758,-111.977996826172,32.896800994873,-97.0380020141602
PIT,PHL,7091231,40.49150085,-80.23290253,39.871898651123,-75.241096496582
ATL,MCI,7089891,33.6366996765137,-84.4281005859375,39.2976,-94.713898
PHX,IAH,7087114,33.4342994689941,-112.012001037598,29.9843997955322,-95.3414001464844
DFW,EWR,7061614,32.896800994873,-97.0380020141602,40.6925010681152,-74.168701171875
LAX,MIA,7053164,33.94250107,-118.4079971,25.7931995391846,-80.2906036376953
MIA,MCO,7043810,25.7931995391846,-80.2906036376953,28.4293994903564,-81.3089981079102
MCI,ATL,7011848,39.2976,-94.713898,33.6366996765137,-84.4281005859375
OAK,SNA,7005151,37.7212982177734,-122.221000671387,33.67570114,-117.8679962
SNA,OAK,7002081,33.67570114,-117.8679962,37.7212982177734,-122.221000671387
MIA,LAX,6987182,25.7931995391846,-80.2906036376953,33.94250107,-118.4079971
CLT,LGA,6984138,35.2140007019043,-80.9430999755859,40.77719879,-73.87259674
ORD,BDL,6977365,41.97859955,-87.90480042,41.9388999939,-72.6831970215
SLC,SEA,6937342,40.7883987426758,-111.977996826172,47.4490013122559,-122.30899810791
PHL,PIT,6922208,39.871898651123,-75.241096496582,40.49150085,-80.23290253
PIT,ORD,6913789,40.49150085,-80.23290253,41.97859955,-87.90480042
DFW,TPA,6913092,32.896800994873,-97.0380020141602,27.9755001068115,-82.533203125
MCO,CLT,6910598,28.4293994903564,-81.3089981079102,35.2140007019043,-80.9430999755859
PHX,SNA,6906491,33.4342994689941,-112.012001037598,33.67570114,-117.8679962
DFW,ABQ,6902784,32.896800994873,-97.0380020141602,35.0401992797852,-106.609001159668
PHX,ELP,6882780,33.4342994689941,-112.012001037598,31.80719948,-106.3779984
BDL,ORD,6881190,41.9388999939,-72.6831970215,41.97859955,-87.90480042
DFW,MSP,6861234,32.896800994873,-97.0380020141602,44.8819999695,-93.2218017578
ATL,STL,6851825,33.6366996765137,-84.4281005859375,38.7486991882324,-90.370002746582
MSP,DFW,6835960,44.8819999695,-93.2218017578,32.896800994873,-97.0380020141602
ORD,CLT,6831032,41.97859955,-87.90480042,35.2140007019043,-80.9430999755859
ORD,PIT,6811591,41.97859955,-87.90480042,40.49150085,-80.23290253
SNA,PHX,6810476,33.67570114,-117.8679962,33.4342994689941,-112.012001037598
STL,ATL,6801066,38.7486991882324,-90.370002746582,33.6366996765137,-84.4281005859375
SEA,SLC,6782041,47.4490013122559,-122.30899810791,40.7883987426758,-111.977996826172
LGA,CLT,6743527,40.77719879,-73.87259674,35.2140007019043,-80.9430999755859
ORD,SNA,6733053,41.97859955,-87.90480042,33.67570114,-117.8679962
CLT,ORD,6728674,35.2140007019043,-80.9430999755859,41.97859955,-87.90480042
SFO,MSP,6714478,37.6189994812012,-122.375,44.8819999695,-93.2218017578
CLT,PHL,6702539,35.2140007019043,-80.9430999755859,39.871898651123,-75.241096496582
ORD,PDX,6651190,41.97859955,-87.90480042,45.58869934,-122.5979996
IND,ORD,6633703,39.7173,-86.294403,41.97859955,-87.90480042
PHL,DFW,6619256,39.871898651123,-75.241096496582,32.896800994873,-97.0380020141602
OKC,DFW,6610438,35.3931007385254,-97.600700378418,32.896800994873,-97.0380020141602
DFW,TUL,6602787,32.896800994873,-97.0380020141602,36.1983985900879,-95.8880996704102
ABQ,DFW,6588162,35.0401992797852,-106.609001159668,32.896800994873,-97.0380020141602
TUL,DFW,6586095,36.1983985900879,-95.8880996704102,32.896800994873,-97.0380020141602
BWI,MCO,6583000,39.17539978,-76.66829681,28.4293994903564,-81.3089981079102
PDX,ORD,6575259,45.58869934,-122.5979996,41.97859955,-87.90480042
SNA,ORD,6562909,33.67570114,-117.8679962,41.97859955,-87.90480042
MCO,BWI,6544879,28.4293994903564,-81.3089981079102,39.17539978,-76.66829681
DFW,PHL,6538077,32.896800994873,-97.0380020141602,39.871898651123,-75.241096496582
PHX,DTW,6532632,33.4342994689941,-112.012001037598,42.2123985290527,-83.353401184082
LAS,OAK,6521489,36.08010101,-115.1520004,37.7212982177734,-122.221000671387
PHL,CLT,6519823,39.871898651123,-75.241096496582,35.2140007019043,-80.9430999755859
DFW,OKC,6481501,32.896800994873,-97.0380020141602,35.3931007385254,-97.600700378418
LAX,DTW,6476524,33.94250107,-118.4079971,42.2123985290527,-83.353401184082
LAS,DTW,6471872,36.08010101,-115.1520004,42.2123985290527,-83.353401184082
LGA,PBI,6451650,40.77719879,-73.87259674,26.6832008361816,-80.0955963134766
LAX,BOS,6441862,33.94250107,-118.4079971,42.36429977,-71.00520325
BWI,PVD,6430800,39.17539978,-76.66829681,41.7326011657715,-71.4204025268555
SJC,LAS,6419623,37.3625984191895,-121.929000854492,36.08010101,-115.1520004
PVD,BWI,6401616,41.7326011657715,-71.4204025268555,39.17539978,-76.66829681
BNA,DFW,6392981,36.1245002746582,-86.6781997680664,32.896800994873,-97.0380020141602
ORD,IND,6382357,41.97859955,-87.90480042,39.7173,-86.294403
DTW,LAS,6381809,42.2123985290527,-83.353401184082,36.08010101,-115.1520004
CVG,ORD,6380224,39.0488014221,-84.6678009033,41.97859955,-87.90480042
IAH,SFO,6376183,29.9843997955322,-95.3414001464844,37.6189994812012,-122.375
LAS,JFK,6370236,36.08010101,-115.1520004,40.63980103,-73.77890015
ORD,CVG,6369388,41.97859955,-87.90480042,39.0488014221,-84.6678009033
DTW,PHX,6363805,42.2123985290527,-83.353401184082,33.4342994689941,-112.012001037598
MDW,MSP,6356579,41.7859992980957,-87.7524032592773,44.8819999695,-93.2218017578
AUS,IAH,6352423,30.1944999694824,-97.6698989868164,29.9843997955322,-95.3414001464844
CVG,ATL,6349436,39.0488014221,-84.6678009033,33.6366996765137,-84.4281005859375
LAS,IAH,6335126,36.08010101,-115.1520004,29.9843997955322,-95.3414001464844
OAK,LAS,6335070,37.7212982177734,-122.221000671387,36.08010101,-115.1520004
TUS,PHX,6324660,32.1161003112793,-110.94100189209,33.4342994689941,-112.012001037598
JFK,LAS,6324409,40.63980103,-73.77890015,36.08010101,-115.1520004
MSP,SFO,6319588,44.8819999695,-93.2218017578,37.6189994812012,-122.375
DFW,SJC,6298618,32.896800994873,-97.0380020141602,37.3625984191895,-121.929000854492
DFW,ELP,6297395,32.896800994873,-97.0380020141602,31.80719948,-106.3779984
IAH,LAS,6287710,29.9843997955322,-95.3414001464844,36.08010101,-115.1520004
ATL,CHS,6278208,33.6366996765137,-84.4281005859375,32.89860153,-80.04049683
DTW,DFW,6275076,42.2123985290527,-83.353401184082,32.896800994873,-97.0380020141602
BOS,LAX,6270261,42.36429977,-71.00520325,33.94250107,-118.4079971
CHS,ATL,6257575,32.89860153,-80.04049683,33.6366996765137,-84.4281005859375
IAD,ORD,6241870,38.94449997,-77.45580292,41.97859955,-87.90480042
PHX,SJC,6235960,33.4342994689941,-112.012001037598,37.3625984191895,-121.929000854492
SFO,BOS,6235855,37.6189994812012,-122.375,42.36429977,-71.00520325
SFO,IAH,6234123,37.6189994812012,-122.375,29.9843997955322,-95.3414001464844
PBI,LGA,6231167,26.6832008361816,-80.0955963134766,40.77719879,-73.87259674
BOS,IAD,6219928,42.36429977,-71.00520325,38.94449997,-77.45580292
DFW,BNA,6216685,32.896800994873,-97.0380020141602,36.1245002746582,-86.6781997680664
DFW,DTW,6215862,32.896800994873,-97.0380020141602,42.2123985290527,-83.353401184082
MSP,MDW,6197725,44.8819999695,-93.2218017578,41.7859992980957,-87.7524032592773
OAK,PHX,6189484,37.7212982177734,-122.221000671387,33.4342994689941,-112.012001037598
DTW,LAX,6174946,42.2123985290527,-83.353401184082,33.94250107,-118.4079971
IAD,MCO,6164168,38.94449997,-77.45580292,28.4293994903564,-81.3089981079102
MIA,DCA,6160743,25.7931995391846,-80.2906036376953,38.8521,-77.037697
LAS,SJC,6160154,36.08010101,-115.1520004,37.3625984191895,-121.929000854492
BHM,ATL,6150266,33.56290054,-86.75350189,33.6366996765137,-84.4281005859375
ELP,DFW,6145656,31.80719948,-106.3779984,32.896800994873,-97.0380020141602
PHX,TUS,6134617,33.4342994689941,-112.012001037598,32.1161003112793,-110.94100189209
IAD,BOS,6130446,38.94449997,-77.45580292,42.36429977,-71.00520325
BOS,SFO,6129554,42.36429977,-71.00520325,37.6189994812012,-122.375
IAH,AUS,6121567,29.9843997955322,-95.3414001464844,30.1944999694824,-97.6698989868164
PHX,OAK,6107310,33.4342994689941,-112.012001037598,37.7212982177734,-122.221000671387
FLL,DFW,6106272,26.0725994110107,-80.152702331543,32.896800994873,-97.0380020141602
SLC,ORD,6105550,40.7883987426758,-111.977996826172,41.97859955,-87.90480042
ATL,CVG,6097949,33.6366996765137,-84.4281005859375,39.0488014221,-84.6678009033
DCA,MIA,6084819,38.8521,-77.037697,25.7931995391846,-80.2906036376953
SAN,LAX,6069917,32.7336006165,-117.190002441,33.94250107,-118.4079971
PBI,EWR,6056114,26.6832008361816,-80.0955963134766,40.6925010681152,-74.168701171875
DTW,EWR,6054941,42.2123985290527,-83.353401184082,40.6925010681152,-74.168701171875
SNA,SFO,6054350,33.67570114,-117.8679962,37.6189994812012,-122.375
EWR,DTW,6046208,40.6925010681152,-74.168701171875,42.2123985290527,-83.353401184082
EWR,PBI,6043437,40.6925010681152,-74.168701171875,26.6832008361816,-80.0955963134766
MCO,IAD,6042379,28.4293994903564,-81.3089981079102,38.94449997,-77.45580292
DTW,BOS,6030793,42.2123985290527,-83.353401184082,42.36429977,-71.00520325
ATL,BHM,6024808,33.6366996765137,-84.4281005859375,33.56290054,-86.75350189
SJC,PHX,6014132,37.3625984191895,-121.929000854492,33.4342994689941,-112.012001037598
FLL,TPA,6006084,26.0725994110107,-80.152702331543,27.9755001068115,-82.533203125
ORD,IAD,5998067,41.97859955,-87.90480042,38.94449997,-77.45580292
ORD,SLC,5971650,41.97859955,-87.90480042,40.7883987426758,-111.977996826172
SFO,SNA,5967006,37.6189994812012,-122.375,33.67570114,-117.8679962
CLT,BOS,5957560,35.2140007019043,-80.9430999755859,42.36429977,-71.00520325
HOU,SAT,5949427,29.64539909,-95.27890015,29.5337009429932,-98.4698028564453
BOS,DTW,5946204,42.36429977,-71.00520325,42.2123985290527,-83.353401184082
ATL,BNA,5945218,33.6366996765137,-84.4281005859375,36.1245002746582,-86.6781997680664
ORD,CMH,5923942,41.97859955,-87.90480042,39.9980010986328,-82.8918991088867
TPA,FLL,5920169,27.9755001068115,-82.533203125,26.0725994110107,-80.152702331543
DFW,FLL,5918809,32.896800994873,-97.0380020141602,26.0725994110107,-80.152702331543
SJC,DFW,5902050,37.3625984191895,-121.929000854492,32.896800994873,-97.0380020141602
BNA,ATL,5878400,36.1245002746582,-86.6781997680664,33.6366996765137,-84.4281005859375
OGG,LAX,5870916,20.8985996246338,-156.429992675781,33.94250107,-118.4079971
BOS,CLT,5864956,42.36429977,-71.00520325,35.2140007019043,-80.9430999755859
CMH,ORD,5859922,39.9980010986328,-82.8918991088867,41.97859955,-87.90480042
CLT,BWI,5846045,35.2140007019043,-80.9430999755859,39.17539978,-76.66829681
DFW,TUS,5812778,32.896800994873,-97.0380020141602,32.1161003112793,-110.94100189209
CVG,SLC,5810619,39.0488014221,-84.6678009033,40.7883987426758,-111.977996826172
ATL,PNS,5802727,33.6366996765137,-84.4281005859375,30.473400115967,-87.186599731445
TPA,PHL,5793118,27.9755001068115,-82.533203125,39.871898651123,-75.241096496582
CLT,TPA,5781956,35.2140007019043,-80.9430999755859,27.9755001068115,-82.533203125
BWI,CLT,5767310,39.17539978,-76.66829681,35.2140007019043,-80.9430999755859
ORD,RDU,5767149,41.97859955,-87.90480042,35.8776016235352,-78.7874984741211
RDU,ORD,5762896,35.8776016235352,-78.7874984741211,41.97859955,-87.90480042
TPA,CLT,5753260,27.9755001068115,-82.533203125,35.2140007019043,-80.9430999755859
AUS,HOU,5751756,30.1944999694824,-97.6698989868164,29.64539909,-95.27890015
SJC,ORD,5749315,37.3625984191895,-121.929000854492,41.97859955,-87.90480042
MCO,IAH,5746508,28.4293994903564,-81.3089981079102,29.9843997955322,-95.3414001464844
PNS,ATL,5733450,30.473400115967,-87.186599731445,33.6366996765137,-84.4281005859375
MIA,BOS,5725039,25.7931995391846,-80.2906036376953,42.36429977,-71.00520325
BOS,MIA,5704675,42.36429977,-71.00520325,25.7931995391846,-80.2906036376953
STL,LAX,5694380,38.7486991882324,-90.370002746582,33.94250107,-118.4079971
SAT,HOU,5675328,29.5337009429932,-98.4698028564453,29.64539909,-95.27890015
TPA,ORD,5671031,27.9755001068115,-82.533203125,41.97859955,-87.90480042
IAH,MCO,5670267,29.9843997955322,-95.3414001464844,28.4293994903564,-81.3089981079102
ORD,TPA,5664231,41.97859955,-87.90480042,27.9755001068115,-82.533203125
ORD,SJC,5649674,41.97859955,-87.90480042,37.3625984191895,-121.929000854492
SEA,ATL,5647483,47.4490013122559,-122.30899810791,33.6366996765137,-84.4281005859375
PHX,PDX,5641041,33.4342994689941,-112.012001037598,45.58869934,-122.5979996
PIT,CLT,5620298,40.49150085,-80.23290253,35.2140007019043,-80.9430999755859
SLC,CVG,5617984,40.7883987426758,-111.977996826172,39.0488014221,-84.6678009033
LAX,SAN,5616254,33.94250107,-118.4079971,32.7336006165,-117.190002441
CLT,EWR,5616182,35.2140007019043,-80.9430999755859,40.6925010681152,-74.168701171875
MDW,CLE,5613091,41.7859992980957,-87.7524032592773,41.4117012024,-81.8498001099
LAX,STL,5598080,33.94250107,-118.4079971,38.7486991882324,-90.370002746582
CLE,MDW,5591116,41.4117012024,-81.8498001099,41.7859992980957,-87.7524032592773
TUS,DFW,5582456,32.1161003112793,-110.94100189209,32.896800994873,-97.0380020141602
PHL,TPA,5576499,39.871898651123,-75.241096496582,27.9755001068115,-82.533203125
EWR,CLT,5564430,40.6925010681152,-74.168701171875,35.2140007019043,-80.9430999755859
SJC,PDX,5559256,37.3625984191895,-121.929000854492,45.58869934,-122.5979996
PDX,PHX,5550580,45.58869934,-122.5979996,33.4342994689941,-112.012001037598
PHX,SMF,5547409,33.4342994689941,-112.012001037598,38.6954002380371,-121.591003417969
MSP,MKE,5546185,44.8819999695,-93.2218017578,42.9472007751465,-87.896598815918
BWI,CLE,5537867,39.17539978,-76.66829681,41.4117012024,-81.8498001099
CLT,PIT,5536376,35.2140007019043,-80.9430999755859,40.49150085,-80.23290253
SLC,PDX,5531845,40.7883987426758,-111.977996826172,45.58869934,-122.5979996
PDX,SJC,5531596,45.58869934,-122.5979996,37.3625984191895,-121.929000854492
RDU,DFW,5528084,35.8776016235352,-78.7874984741211,32.896800994873,-97.0380020141602
GSO,ATL,5510253,36.0978012084961,-79.9373016357422,33.6366996765137,-84.4281005859375
CLE,BWI,5498405,41.4117012024,-81.8498001099,39.17539978,-76.66829681
DFW,CLT,5492278,32.896800994873,-97.0380020141602,35.2140007019043,-80.9430999755859
LAX,PHL,5480615,33.94250107,-118.4079971,39.871898651123,-75.241096496582
CLT,DFW,5480376,35.2140007019043,-80.9430999755859,32.896800994873,-97.0380020141602
FLL,PHL,5473375,26.0725994110107,-80.152702331543,39.871898651123,-75.241096496582
EWR,TPA,5465152,40.6925010681152,-74.168701171875,27.9755001068115,-82.533203125
TPA,EWR,5453156,27.9755001068115,-82.533203125,40.6925010681152,-74.168701171875
MKE,MSP,5448987,42.9472007751465,-87.896598815918,44.8819999695,-93.2218017578
PHL,FLL,5448899,39.871898651123,-75.241096496582,26.0725994110107,-80.152702331543
TPA,DTW,5448462,27.9755001068115,-82.533203125,42.2123985290527,-83.353401184082
SMF,PHX,5447665,38.6954002380371,-121.591003417969,33.4342994689941,-112.012001037598
DTW,PHL,5447515,42.2123985290527,-83.353401184082,39.871898651123,-75.241096496582
MCO,PIT,5433479,28.4293994903564,-81.3089981079102,40.49150085,-80.23290253
OAK,PDX,5425119,37.7212982177734,-122.221000671387,45.58869934,-122.5979996
DTW,DCA,5423106,42.2123985290527,-83.353401184082,38.8521,-77.037697
STL,MCO,5416276,38.7486991882324,-90.370002746582,28.4293994903564,-81.3089981079102
DTW,TPA,5412457,42.2123985290527,-83.353401184082,27.9755001068115,-82.533203125
ATL,GSO,5412408,33.6366996765137,-84.4281005859375,36.0978012084961,-79.9373016357422
PIT,MCO,5410880,40.49150085,-80.23290253,28.4293994903564,-81.3089981079102
SMF,SEA,5399119,38.6954002380371,-121.591003417969,47.4490013122559,-122.30899810791
HNL,SEA,5393448,21.3187007904053,-157.921997070312,47.4490013122559,-122.30899810791
MCO,STL,5391226,28.4293994903564,-81.3089981079102,38.7486991882324,-90.370002746582
